Accuracy,Precision,Recall,F1-Score,Best_Val_Accuracy
0.9573684210526315,0.9585901589424398,0.9573684210526315,0.9571846699291207,95.73684210526316
